﻿<Skins>
	<Skin Name="default" Color="254,255,187,3"/>
	<Skin Name="1" Color="254,82,207,209"/>
	<Skin Name="2" Color="254,170,202,53"/>
	<Skin Name="3" Color="254,248,251,220"/>
	<Skin Name="4" Color="254,107,71,18"/>
	<Skin Name="5" Color="254,118,176,252"/>
	<Skin Name="6" Color="254,70,140,240"/>
	<Skin Name="7" Color="254,195,221,212"/>
	<Skin Name="8" Color="254,75,87,101"/>
	<Skin Name="9" Color="254,83,178,16"/>
	<Skin Name="10" Color="254,67,103,163"/>
	<Skin Name="11" Color="254,187,224,243"/>
	<Skin Name="101" Color="255,22,154,218"/>
	<Skin Name="102" Color="255,40,138,221"/>
	<Skin Name="103" Color="255,49,166,107"/>
	<Skin Name="104" Color="255,218,67,78"/>
	<Skin Name="105" Color="255,229,98,129"/>
	<Skin Name="106" Color="255,177,99,159"/>
	<Skin Name="107" Color="255,89,92,160"/>
	<Skin Name="108" Color="255,48,116,193"/>
	<Skin Name="109" Color="255,0,130,154"/>
	<Skin Name="110" Color="255,79,176,172"/>
	<Skin Name="111" Color="255,112,197,196"/>
	<Skin Name="112" Color="255,128,77,77"/>
	<Skin Name="113" Color="255,240,188,89"/>
	<Skin Name="114" Color="255,207,186,170"/>
	<Skin Name="115" Color="255,72,72,200"/>
	<Skin Name="116" Color="255,104,72,200"/>
	<Skin Name="117" Color="255,136,72,200"/>
</Skins>